{
  "N": 400,
  "relations": {
    "线性": {
      "pearson": 0.9258,
      "dcor": 0.8456,
      "hsic": 0.0743
    },
    "二次 Y=X²": {
      "pearson": 0.0092,
      "dcor": 0.2079,
      "hsic": 0.0385
    },
    "圆 X²+Y²": {
      "pearson": -0.042,
      "dcor": 0.0387,
      "hsic": 0.0078
    },
    "独立(对照)": {
      "pearson": 0.0425,
      "dcor": 0.0053,
      "hsic": 0.0004
    }
  },
  "two_sample_accuracy": 0.8299,
  "energy_calm_to_calm_ref": 0.00045,
  "energy_crisis_to_crisis_ref": 0.00072,
  "energy_calm_to_crisis_ref": 0.00491,
  "energy_crisis_to_calm_ref": 0.00471,
  "dcor_vs_noise": {
    "0.02": 0.2363,
    "0.07": 0.2214,
    "0.13": 0.1989,
    "0.18": 0.1623,
    "0.23": 0.1366,
    "0.28": 0.1188,
    "0.34": 0.1077,
    "0.39": 0.0919,
    "0.44": 0.0653,
    "0.49": 0.0615,
    "0.55": 0.0513,
    "0.60": 0.0487
  },
  "hsic_vs_noise": {
    "0.02": 0.047,
    "0.07": 0.0425,
    "0.13": 0.0366,
    "0.18": 0.0275,
    "0.23": 0.0223,
    "0.28": 0.0185,
    "0.34": 0.0163,
    "0.39": 0.0114,
    "0.44": 0.0074,
    "0.49": 0.0072,
    "0.55": 0.0059,
    "0.60": 0.0047
  }
}