{
  "s_e": {
    "cagr": 0.053284923930807304,
    "vol": 0.16128324967882648,
    "sharpe": 0.4026045889036501,
    "mdd": -0.5715793968095633,
    "total": 1.824342492867256
  },
  "s_6040": {
    "cagr": 0.053680353134908376,
    "vol": 0.10232688157569007,
    "sharpe": 0.562233871277214,
    "mdd": -0.34020914573564565,
    "total": 1.8456248575828162
  },
  "s_4020": {
    "cagr": 0.058494411660824586,
    "vol": 0.07720849790397682,
    "sharpe": 0.7749669250663845,
    "mdd": -0.1724344707099702,
    "total": 2.117248250914829
  },
  "mdd_e_stress": -0.4440112194797665,
  "mdd_6040_stress": -0.21587771412276613,
  "mdd_4020_stress": -0.10314659079429467,
  "corr_full": [
    [
      1.0,
      0.014262305944023038,
      -0.038349276894209264
    ],
    [
      0.01426230594402304,
      1.0,
      -0.00978415819642375
    ],
    [
      -0.038349276894209264,
      -0.00978415819642375,
      0.9999999999999998
    ]
  ],
  "corr_calm": [
    [
      1.0,
      0.01812239893413164,
      -0.0018927383656051416
    ],
    [
      0.018122398934131645,
      0.9999999999999998,
      -0.011796370144069333
    ],
    [
      -0.0018927383656051414,
      -0.011796370144069333,
      1.0
    ]
  ],
  "corr_stress": [
    [
      1.0,
      -0.27487031201300655,
      -0.47524840358547377
    ],
    [
      -0.27487031201300655,
      1.0,
      0.17923586383956983
    ],
    [
      -0.47524840358547377,
      0.17923586383956985,
      1.0
    ]
  ],
  "gold_in_worst5": 0.0023202208405412343,
  "eq_in_worst5": -0.021235569361150976,
  "gold_in_crisis": 0.013470853907417266,
  "eq_in_crisis": -0.020175896210086208,
  "gold_in_crash": 0.02516541067954266,
  "eq_in_crash": -0.03790401705544717,
  "n_stress": 48,
  "n_crash": 15
}