{
  "N": 2400,
  "mse_tau1": {
    "白噪声": 2.475804233885811,
    "1/f 粉红噪声": 1.9869789095193242,
    "周期+噪声": 1.9533990909066263
  },
  "mse_tau5": {
    "白噪声": 1.717249060498393,
    "1/f 粉红噪声": 1.8909306576898393,
    "周期+噪声": 1.2919836816486492
  },
  "mse_tau10": {
    "白噪声": 1.3914065562922258,
    "1/f 粉红噪声": 1.7314163393205866,
    "周期+噪声": 1.0419933946686017
  },
  "mse_tau20": {
    "白噪声": 1.123748261939652,
    "1/f 粉红噪声": 2.5649493574615367,
    "周期+噪声": 0.6868775675463499
  },
  "dfa_alpha": {
    "白噪声": 0.5292247497083499,
    "1/f 粉红噪声": 1.0218658003049035,
    "周期+噪声": 0.566117669826833
  },
  "regime_single_scale_mean_calm": 2.2475066870812457,
  "regime_single_scale_mean_crisis": 2.54523806860486
}