{
  "s_total": 1.0793476403973221,
  "s_ann": 0.25935171440566585,
  "s_sharpe": 2.502885689453695,
  "s_mdd": -0.10139190760385353,
  "s_trades": 15,
  "b_total": 0.7844265973384223,
  "b_ann": 0.20011285215766206,
  "b_sharpe": 1.1926113487535865,
  "b_mdd": -0.23660332874606327
}