{
  "pure_garch": {
    "a0": 2.0849585595374433e-06,
    "a1": 0.05,
    "b1": 0.94,
    "persist": 0.99
  },
  "emd_garch": {
    "a0": 0.05313938112827956,
    "a1": 0.05,
    "b1": 0.9,
    "persist": 0.9500000000000001
  },
  "oos": {
    "EMD-GARCH 混合": {
      "mse": 1.0789084107125343e-07,
      "qlike": -6.5663087731602365
    },
    "纯 GARCH": {
      "mse": 9.216130447047543e-08,
      "qlike": -6.67957981047457
    },
    "EWMA(λ=0.94)": {
      "mse": 8.703464363872916e-08,
      "qlike": -6.6819121336975025
    },
    "滚动std(63)": {
      "mse": 1.2656099052427457e-07,
      "qlike": -6.665240310794169
    }
  },
  "n_imfs": 9
}