{
  "s_total": 0.2771934882566274,
  "s_ann": 0.08011714329589403,
  "s_sharpe": 1.0445292008786538,
  "s_mdd": -0.08939073747131565,
  "s_trades": 51,
  "b_total": 0.0287469727413745,
  "b_ann": 0.008967551775967975,
  "b_sharpe": 0.08564598893195637,
  "b_mdd": -0.1945080486077596
}