{
  "sigma": 0.3,
  "corr_real": 0.5362788170154028,
  "corr_gen": 0.4862423964126117,
  "tail_real": 0.47333333333333333,
  "tail_gen": 0.44666666666666666,
  "delta_scan": {
    "0.005": {
      "std_err": 0.16202578215170316,
      "div": 0.0
    },
    "0.01": {
      "std_err": 0.07978250965971512,
      "div": 0.0
    },
    "0.02": {
      "std_err": 0.10567884745149381,
      "div": 0.0
    },
    "0.05": {
      "std_err": 0.08238229816101339,
      "div": 0.0
    },
    "0.1": {
      "std_err": 0.10615297305258875,
      "div": 0.0
    },
    "0.2": {
      "std_err": 0.08494318963194847,
      "div": 0.0
    }
  },
  "score_err_lowdens_slope": 7.130933972561815
}