{
  "signal_noise_ratio_obs": 5.999999999999999,
  "rmse_raw": 0.299149823735328,
  "rmse_ma20": 0.09420117942243733,
  "rmse_kalman": 0.12701308508515294,
  "rmse_reduction_vs_raw_pct": 57.54198230866169,
  "rmse_kf_worse_than_ma_note": "MA 是非因果(用未来数据)故 RMSE 更低；KF 是因果实时估计器，真实优势在时变状态追踪",
  "beta_true_range": [
    0.6500140993401952,
    1.3499859006598047
  ],
  "beta_ols": 0.9600210019485814,
  "rmse_beta_kf": 0.0814886673253115,
  "rmse_beta_ols": 0.2540950721524862,
  "rmse_spread_kf": 0.24943835608685577,
  "rmse_spread_ols": 2.0801741212428633,
  "q_best": 0.0029935772947204905,
  "q_set": 0.001
}