{
  "s_cta": {
    "cagr": 0.02844279069213007,
    "vol": 0.03650701324381278,
    "sharpe": 0.7865248972810094,
    "mdd": -0.08498828422307536
  },
  "s_bh": {
    "cagr": -0.007547663221571188,
    "vol": 0.061362278980944845,
    "sharpe": -0.09278261547164289,
    "mdd": -0.38672917147490427
  },
  "s_6040": {
    "cagr": 0.027028965314727094,
    "vol": 0.11277224971516453,
    "sharpe": 0.29289890151211095,
    "mdd": -0.4085927713206894
  },
  "crisis_ret_cta": 0.1741650900165328,
  "crisis_ret_6040": -0.23417257433952043,
  "crisis_ret_bh": 0.10416528457578544,
  "avg_ep_len": 22.0,
  "n_episodes": 6,
  "avg_pos": [
    -0.055952380952380955,
    -0.021031746031746033,
    0.005952380952380952,
    -0.02857142857142857,
    0.037698412698412696,
    -0.015277777777777777,
    -0.015277777777777777,
    -0.02003968253968254,
    -0.007142857142857143,
    -0.054563492063492064,
    0.08769841269841269,
    -0.030555555555555555
  ],
  "cta_in_crisis": 0.1671549048238509,
  "cta_in_calm": 0.40711859200867495
}