{
  "oos_r2": 0.0728491020670462,
  "trend_load": 0.012777805308875623,
  "rv_hi": 0.11705825038984138,
  "rv_lo": 0.07508786560922387,
  "full_ann": -0.43255825647053037,
  "timing_ann": -0.24654666843607342,
  "full_sharpe": -0.4097567055117598,
  "timing_sharpe": -0.18258489469856978,
  "full_mdd": -0.9872741309065938,
  "timing_mdd": -0.916814047654762
}