{
  "epu_load_eq": -0.000885853217127306,
  "epu_load_bd": 0.0007221744619403712,
  "eq_ann": 0.1819189079590069,
  "bd_ann": 0.042355077320982204,
  "strat_ann": 0.06900793852096299,
  "bench_ann": 0.1321169470570418,
  "strat_sharpe": 0.660321379888832,
  "bench_sharpe": 1.1944677071913752,
  "eq_sharpe": 0.9592957493167966,
  "bd_sharpe": 0.50059881326528,
  "strat_mdd": -0.3877087901863798,
  "bench_mdd": -0.23949004019927878,
  "eq_mdd": -0.4529760797513521,
  "eq_hi": -0.0055576929005955854,
  "eq_lo": 0.034300176498873715,
  "bd_hi": 0.019600743357555857,
  "bd_lo": -0.010949041527080957
}